"","StartAge","MatAge","DeathAge","PolicyCost","isEarlyDeath","GrossProfit"
"1",37,70,72,14565.6915912216,0,-9434.30840877843
"2",25,70,84,7955.16007036598,0,-160044.839929634
"3",35,70,86,13156.7407151338,0,-178843.259284866
"4",28,70,79,9244.36084529135,0,-98755.6391547087
"5",25,70,72,7955.16007036598,0,-16044.839929634
"6",27,70,88,8792.44348617133,0,-207207.556513829
"7",37,70,66,14565.6915912216,1,14565.6915912216
"8",38,70,74,15328.9262145253,0,-32671.0737854747
"9",39,70,90,16134.5791977414,0,-223865.420802259
"10",25,70,39,7955.16007036598,1,7955.16007036598
"11",31,70,82,10748.51299757,0,-133251.48700243
"12",39,70,65,16134.5791977414,1,16134.5791977414
"13",34,70,72,12506.4221301843,0,-11493.5778698157
"14",30,70,52,10221.0170492056,1,10221.0170492056
"15",29,70,46,9720.09018227271,1,9720.09018227271
"16",37,70,90,14565.6915912216,0,-225434.308408778
"17",29,70,77,9720.09018227271,0,-74279.9098177273
"18",29,70,67,9720.09018227271,1,9720.09018227271
"19",35,70,46,13156.7407151338,1,13156.7407151338
"20",32,70,99,11304.1385252528,0,-336695.861474747
"21",27,70,87,8792.44348617133,0,-195207.556513829
"22",30,70,69,10221.0170492056,1,10221.0170492056
"23",29,70,58,9720.09018227271,1,9720.09018227271
"24",25,70,81,7955.16007036598,0,-124044.839929634
"25",31,70,76,10748.51299757,0,-61251.48700243
"26",28,70,74,9244.36084529135,0,-38755.6391547086
"27",25,70,81,7955.16007036598,0,-124044.839929634
"28",30,70,92,10221.0170492056,0,-253778.982950794
"29",32,70,82,11304.1385252528,0,-132695.861474747
"30",28,70,84,9244.36084529135,0,-158755.639154709
"31",31,70,70,10748.51299757,1,10748.51299757
"32",38,70,83,15328.9262145253,0,-140671.073785475
"33",36,70,87,13842.4003526914,0,-190157.599647309
"34",28,70,79,9244.36084529135,0,-98755.6391547087
"35",26,70,62,8363.12080528374,1,8363.12080528374
"36",39,70,95,16134.5791977414,0,-283865.420802259
"37",27,70,83,8792.44348617133,0,-147207.556513829
"38",40,70,85,16985.4698356661,0,-163014.530164334
"39",35,70,63,13156.7407151338,1,13156.7407151338
"40",25,70,82,7955.16007036598,0,-136044.839929634
"41",29,70,72,9720.09018227271,0,-14279.9098177273
"42",39,70,82,16134.5791977414,0,-127865.420802259
"43",36,70,76,13842.4003526914,0,-58157.5996473086
"44",38,70,87,15328.9262145253,0,-188671.073785475
"45",37,70,82,14565.6915912216,0,-129434.308408778
"46",37,70,66,14565.6915912216,1,14565.6915912216
"47",37,70,91,14565.6915912216,0,-237434.308408778
"48",32,70,87,11304.1385252528,0,-192695.861474747
"49",33,70,84,11889.558116448,0,-156110.441883552
"50",34,70,62,12506.4221301843,1,12506.4221301843
"51",25,70,76,7955.16007036598,0,-64044.839929634
"52",34,70,74,12506.4221301843,0,-35493.5778698157
"53",37,70,81,14565.6915912216,0,-117434.308408778
"54",37,70,85,14565.6915912216,0,-165434.308408778
"55",33,70,61,11889.558116448,1,11889.558116448
"56",38,70,83,15328.9262145253,0,-140671.073785475
"57",40,70,53,16985.4698356661,1,16985.4698356661
"58",35,70,84,13156.7407151338,0,-154843.259284866
"59",27,70,75,8792.44348617133,0,-51207.5565138287
"60",33,70,77,11889.558116448,0,-72110.441883552
"61",27,70,81,8792.44348617133,0,-123207.556513829
"62",40,70,69,16985.4698356661,1,16985.4698356661
"63",30,70,92,10221.0170492056,0,-253778.982950794
"64",33,70,58,11889.558116448,1,11889.558116448
"65",32,70,74,11304.1385252528,0,-36695.8614747472
"66",25,70,69,7955.16007036598,1,7955.16007036598
"67",38,70,51,15328.9262145253,1,15328.9262145253
"68",28,70,73,9244.36084529135,0,-26755.6391547086
"69",26,70,80,8363.12080528374,0,-111636.879194716
"70",33,70,71,11889.558116448,0,-110.441883552025
"71",32,70,80,11304.1385252528,0,-108695.861474747
"72",35,70,73,13156.7407151338,0,-22843.2592848662
"73",37,70,87,14565.6915912216,0,-189434.308408778
"74",35,70,91,13156.7407151338,0,-238843.259284866
"75",25,70,67,7955.16007036598,1,7955.16007036598
"76",25,70,93,7955.16007036598,0,-268044.839929634
"77",32,70,52,11304.1385252528,1,11304.1385252528
"78",25,70,94,7955.16007036598,0,-280044.839929634
"79",34,70,89,12506.4221301843,0,-215493.577869816
"80",39,70,84,16134.5791977414,0,-151865.420802259
"81",33,70,77,11889.558116448,0,-72110.441883552
"82",32,70,81,11304.1385252528,0,-120695.861474747
"83",32,70,83,11304.1385252528,0,-144695.861474747
"84",37,70,75,14565.6915912216,0,-45434.3084087784
"85",38,70,82,15328.9262145253,0,-128671.073785475
"86",33,70,80,11889.558116448,0,-108110.441883552
"87",30,70,77,10221.0170492056,0,-73778.9829507944
"88",29,70,79,9720.09018227271,0,-98279.9098177273
"89",38,70,75,15328.9262145253,0,-44671.0737854747
"90",29,70,56,9720.09018227271,1,9720.09018227271
"91",37,70,67,14565.6915912216,1,14565.6915912216
"92",40,70,75,16985.4698356661,0,-43014.5301643339
"93",39,70,80,16134.5791977414,0,-103865.420802259
"94",32,70,95,11304.1385252528,0,-288695.861474747
"95",26,70,61,8363.12080528374,1,8363.12080528374
"96",27,70,85,8792.44348617133,0,-171207.556513829
"97",28,70,79,9244.36084529135,0,-98755.6391547087
"98",35,70,79,13156.7407151338,0,-94843.2592848662
"99",27,70,39,8792.44348617133,1,8792.44348617133
"100",25,70,49,7955.16007036598,1,7955.16007036598
"101",35,70,71,13156.7407151338,0,1156.74071513378
"102",30,70,94,10221.0170492056,0,-277778.982950794
"103",33,70,60,11889.558116448,1,11889.558116448
"104",35,70,73,13156.7407151338,0,-22843.2592848662
"105",37,70,58,14565.6915912216,1,14565.6915912216
"106",40,70,76,16985.4698356661,0,-55014.5301643339
"107",31,70,60,10748.51299757,1,10748.51299757
"108",36,70,71,13842.4003526914,0,1842.40035269136
"109",32,70,89,11304.1385252528,0,-216695.861474747
"110",30,70,35,10221.0170492056,1,10221.0170492056
"111",37,70,77,14565.6915912216,0,-69434.3084087784
"112",26,70,66,8363.12080528374,1,8363.12080528374
"113",35,70,78,13156.7407151338,0,-82843.2592848662
"114",35,70,50,13156.7407151338,1,13156.7407151338
"115",25,70,100,7955.16007036598,0,-352044.839929634
"116",30,70,70,10221.0170492056,1,10221.0170492056
"117",35,70,68,13156.7407151338,1,13156.7407151338
"118",27,70,66,8792.44348617133,1,8792.44348617133
"119",34,70,69,12506.4221301843,1,12506.4221301843
"120",29,70,88,9720.09018227271,0,-206279.909817727
"121",30,70,68,10221.0170492056,1,10221.0170492056
"122",25,70,75,7955.16007036598,0,-52044.839929634
"123",26,70,51,8363.12080528374,1,8363.12080528374
"124",27,70,86,8792.44348617133,0,-183207.556513829
"125",37,70,71,14565.6915912216,0,2565.69159122157
"126",31,70,76,10748.51299757,0,-61251.48700243
"127",27,70,38,8792.44348617133,1,8792.44348617133
"128",35,70,72,13156.7407151338,0,-10843.2592848662
"129",30,70,99,10221.0170492056,0,-337778.982950794
"130",28,70,69,9244.36084529135,1,9244.36084529135
"131",38,70,75,15328.9262145253,0,-44671.0737854747
"132",35,70,89,13156.7407151338,0,-214843.259284866
"133",25,70,89,7955.16007036598,0,-220044.839929634
"134",32,70,71,11304.1385252528,0,-695.861474747162
"135",27,70,86,8792.44348617133,0,-183207.556513829
"136",36,70,88,13842.4003526914,0,-202157.599647309
"137",28,70,79,9244.36084529135,0,-98755.6391547087
"138",40,70,44,16985.4698356661,1,16985.4698356661
"139",26,70,64,8363.12080528374,1,8363.12080528374
"140",36,70,56,13842.4003526914,1,13842.4003526914
"141",36,70,78,13842.4003526914,0,-82157.5996473086
"142",27,70,74,8792.44348617133,0,-39207.5565138287
"143",33,70,96,11889.558116448,0,-300110.441883552
"144",32,70,72,11304.1385252528,0,-12695.8614747472
"145",28,70,75,9244.36084529135,0,-50755.6391547086
"146",25,70,76,7955.16007036598,0,-64044.839929634
"147",35,70,96,13156.7407151338,0,-298843.259284866
"148",32,70,78,11304.1385252528,0,-84695.8614747472
"149",38,70,68,15328.9262145253,1,15328.9262145253
"150",40,70,80,16985.4698356661,0,-103014.530164334
"151",35,70,46,13156.7407151338,1,13156.7407151338
"152",35,70,78,13156.7407151338,0,-82843.2592848662
"153",27,70,42,8792.44348617133,1,8792.44348617133
"154",26,70,34,8363.12080528374,1,8363.12080528374
"155",34,70,67,12506.4221301843,1,12506.4221301843
"156",33,70,90,11889.558116448,0,-228110.441883552
"157",38,70,41,15328.9262145253,1,15328.9262145253
"158",34,70,81,12506.4221301843,0,-119493.577869816
"159",34,70,78,12506.4221301843,0,-83493.5778698157
"160",26,70,67,8363.12080528374,1,8363.12080528374
"161",33,70,79,11889.558116448,0,-96110.441883552
"162",34,70,82,12506.4221301843,0,-131493.577869816
"163",26,70,85,8363.12080528374,0,-171636.879194716
"164",31,70,89,10748.51299757,0,-217251.48700243
"165",36,70,92,13842.4003526914,0,-250157.599647309
"166",25,70,90,7955.16007036598,0,-232044.839929634
"167",26,70,76,8363.12080528374,0,-63636.8791947163
"168",35,70,46,13156.7407151338,1,13156.7407151338
"169",28,70,70,9244.36084529135,1,9244.36084529135
"170",40,70,81,16985.4698356661,0,-115014.530164334
"171",38,70,84,15328.9262145253,0,-152671.073785475
"172",39,70,81,16134.5791977414,0,-115865.420802259
"173",31,70,79,10748.51299757,0,-97251.48700243
"174",34,70,76,12506.4221301843,0,-59493.5778698157
"175",32,70,66,11304.1385252528,1,11304.1385252528
"176",37,70,85,14565.6915912216,0,-165434.308408778
"177",40,70,77,16985.4698356661,0,-67014.5301643339
"178",31,70,75,10748.51299757,0,-49251.48700243
"179",25,70,84,7955.16007036598,0,-160044.839929634
"180",27,70,73,8792.44348617133,0,-27207.5565138287
"181",28,70,80,9244.36084529135,0,-110755.639154709
"182",39,70,45,16134.5791977414,1,16134.5791977414
"183",39,70,78,16134.5791977414,0,-79865.4208022586
"184",38,70,70,15328.9262145253,1,15328.9262145253
"185",34,70,85,12506.4221301843,0,-167493.577869816
"186",28,70,78,9244.36084529135,0,-86755.6391547087
"187",31,70,75,10748.51299757,0,-49251.48700243
"188",32,70,82,11304.1385252528,0,-132695.861474747
"189",29,70,67,9720.09018227271,1,9720.09018227271
"190",31,70,76,10748.51299757,0,-61251.48700243
"191",25,70,80,7955.16007036598,0,-112044.839929634
"192",34,70,92,12506.4221301843,0,-251493.577869816
"193",28,70,54,9244.36084529135,1,9244.36084529135
"194",38,70,72,15328.9262145253,0,-8671.07378547467
"195",40,70,76,16985.4698356661,0,-55014.5301643339
"196",32,70,76,11304.1385252528,0,-60695.8614747472
"197",29,70,84,9720.09018227271,0,-158279.909817727
"198",35,70,78,13156.7407151338,0,-82843.2592848662
"199",36,70,64,13842.4003526914,1,13842.4003526914
"200",29,70,86,9720.09018227271,0,-182279.909817727
"201",28,70,69,9244.36084529135,1,9244.36084529135
"202",31,70,57,10748.51299757,1,10748.51299757
"203",31,70,96,10748.51299757,0,-301251.48700243
"204",25,70,74,7955.16007036598,0,-40044.839929634
"205",34,70,99,12506.4221301843,0,-335493.577869816
"206",35,70,81,13156.7407151338,0,-118843.259284866
"207",39,70,72,16134.5791977414,0,-7865.42080225864
"208",39,70,85,16134.5791977414,0,-163865.420802259
"209",36,70,85,13842.4003526914,0,-166157.599647309
"210",36,70,87,13842.4003526914,0,-190157.599647309
"211",31,70,87,10748.51299757,0,-193251.48700243
"212",25,70,66,7955.16007036598,1,7955.16007036598
"213",37,70,92,14565.6915912216,0,-249434.308408778
"214",31,70,52,10748.51299757,1,10748.51299757
"215",30,70,88,10221.0170492056,0,-205778.982950794
"216",35,70,69,13156.7407151338,1,13156.7407151338
"217",25,70,69,7955.16007036598,1,7955.16007036598
"218",30,70,72,10221.0170492056,0,-13778.9829507944
"219",39,70,85,16134.5791977414,0,-163865.420802259
"220",38,70,86,15328.9262145253,0,-176671.073785475
"221",31,70,59,10748.51299757,1,10748.51299757
"222",35,70,71,13156.7407151338,0,1156.74071513378
"223",25,70,70,7955.16007036598,1,7955.16007036598
"224",39,70,87,16134.5791977414,0,-187865.420802259
"225",25,70,90,7955.16007036598,0,-232044.839929634
"226",30,70,88,10221.0170492056,0,-205778.982950794
"227",35,70,85,13156.7407151338,0,-166843.259284866
"228",26,70,78,8363.12080528374,0,-87636.8791947163
"229",26,70,44,8363.12080528374,1,8363.12080528374
"230",32,70,63,11304.1385252528,1,11304.1385252528
"231",27,70,76,8792.44348617133,0,-63207.5565138287
"232",35,70,93,13156.7407151338,0,-262843.259284866
"233",32,70,77,11304.1385252528,0,-72695.8614747472
"234",38,70,87,15328.9262145253,0,-188671.073785475
"235",30,70,50,10221.0170492056,1,10221.0170492056
"236",34,70,87,12506.4221301843,0,-191493.577869816
"237",29,70,84,9720.09018227271,0,-158279.909817727
"238",25,70,88,7955.16007036598,0,-208044.839929634
"239",25,70,89,7955.16007036598,0,-220044.839929634
"240",38,70,78,15328.9262145253,0,-80671.0737854747
"241",37,70,72,14565.6915912216,0,-9434.30840877843
"242",39,70,65,16134.5791977414,1,16134.5791977414
"243",34,70,41,12506.4221301843,1,12506.4221301843
"244",39,70,64,16134.5791977414,1,16134.5791977414
"245",40,70,68,16985.4698356661,1,16985.4698356661
"246",40,70,74,16985.4698356661,0,-31014.5301643339
"247",34,70,85,12506.4221301843,0,-167493.577869816
"248",38,70,82,15328.9262145253,0,-128671.073785475
"249",36,70,77,13842.4003526914,0,-70157.5996473086
"250",40,70,78,16985.4698356661,0,-79014.5301643339
"251",39,70,94,16134.5791977414,0,-271865.420802259
"252",34,70,81,12506.4221301843,0,-119493.577869816
"253",34,70,83,12506.4221301843,0,-143493.577869816
"254",28,70,83,9244.36084529135,0,-146755.639154709
"255",34,70,83,12506.4221301843,0,-143493.577869816
"256",25,70,73,7955.16007036598,0,-28044.839929634
"257",28,70,75,9244.36084529135,0,-50755.6391547086
"258",35,70,82,13156.7407151338,0,-130843.259284866
"259",27,70,78,8792.44348617133,0,-87207.5565138287
"260",39,70,56,16134.5791977414,1,16134.5791977414
"261",35,70,87,13156.7407151338,0,-190843.259284866
"262",38,70,55,15328.9262145253,1,15328.9262145253
"263",25,70,71,7955.16007036598,0,-4044.83992963402
"264",35,70,85,13156.7407151338,0,-166843.259284866
"265",35,70,82,13156.7407151338,0,-130843.259284866
"266",26,70,52,8363.12080528374,1,8363.12080528374
"267",29,70,84,9720.09018227271,0,-158279.909817727
"268",39,70,62,16134.5791977414,1,16134.5791977414
"269",38,70,74,15328.9262145253,0,-32671.0737854747
"270",29,70,45,9720.09018227271,1,9720.09018227271
"271",38,70,42,15328.9262145253,1,15328.9262145253
"272",40,70,90,16985.4698356661,0,-223014.530164334
"273",26,70,94,8363.12080528374,0,-279636.879194716
"274",37,70,81,14565.6915912216,0,-117434.308408778
"275",31,70,84,10748.51299757,0,-157251.48700243
"276",27,70,83,8792.44348617133,0,-147207.556513829
"277",32,70,71,11304.1385252528,0,-695.861474747162
"278",37,70,59,14565.6915912216,1,14565.6915912216
"279",29,70,80,9720.09018227271,0,-110279.909817727
"280",28,70,60,9244.36084529135,1,9244.36084529135
"281",29,70,87,9720.09018227271,0,-194279.909817727
"282",37,70,70,14565.6915912216,1,14565.6915912216
"283",34,70,83,12506.4221301843,0,-143493.577869816
"284",27,70,81,8792.44348617133,0,-123207.556513829
"285",25,70,73,7955.16007036598,0,-28044.839929634
"286",40,70,86,16985.4698356661,0,-175014.530164334
"287",25,70,84,7955.16007036598,0,-160044.839929634
"288",27,70,90,8792.44348617133,0,-231207.556513829
"289",32,70,84,11304.1385252528,0,-156695.861474747
"290",33,70,78,11889.558116448,0,-84110.441883552
"291",34,70,89,12506.4221301843,0,-215493.577869816
"292",33,70,81,11889.558116448,0,-120110.441883552
"293",36,70,98,13842.4003526914,0,-322157.599647309
"294",37,70,86,14565.6915912216,0,-177434.308408778
"295",28,70,76,9244.36084529135,0,-62755.6391547086
"296",34,70,90,12506.4221301843,0,-227493.577869816
"297",27,70,77,8792.44348617133,0,-75207.5565138287
"298",33,70,86,11889.558116448,0,-180110.441883552
"299",26,70,96,8363.12080528374,0,-303636.879194716
"300",25,70,87,7955.16007036598,0,-196044.839929634
"301",33,70,89,11889.558116448,0,-216110.441883552
"302",39,70,84,16134.5791977414,0,-151865.420802259
"303",38,70,80,15328.9262145253,0,-104671.073785475
"304",25,70,79,7955.16007036598,0,-100044.839929634
"305",31,70,70,10748.51299757,1,10748.51299757
"306",27,70,81,8792.44348617133,0,-123207.556513829
"307",35,70,85,13156.7407151338,0,-166843.259284866
"308",33,70,98,11889.558116448,0,-324110.441883552
"309",38,70,78,15328.9262145253,0,-80671.0737854747
"310",30,70,68,10221.0170492056,1,10221.0170492056
"311",30,70,87,10221.0170492056,0,-193778.982950794
"312",40,70,56,16985.4698356661,1,16985.4698356661
"313",32,70,40,11304.1385252528,1,11304.1385252528
"314",35,70,86,13156.7407151338,0,-178843.259284866
"315",40,70,94,16985.4698356661,0,-271014.530164334
"316",26,70,38,8363.12080528374,1,8363.12080528374
"317",35,70,77,13156.7407151338,0,-70843.2592848662
"318",38,70,92,15328.9262145253,0,-248671.073785475
"319",28,70,57,9244.36084529135,1,9244.36084529135
"320",36,70,66,13842.4003526914,1,13842.4003526914
"321",39,70,79,16134.5791977414,0,-91865.4208022586
"322",28,70,90,9244.36084529135,0,-230755.639154709
"323",37,70,91,14565.6915912216,0,-237434.308408778
"324",29,70,63,9720.09018227271,1,9720.09018227271
"325",34,70,72,12506.4221301843,0,-11493.5778698157
"326",34,70,53,12506.4221301843,1,12506.4221301843
"327",38,70,80,15328.9262145253,0,-104671.073785475
"328",27,70,65,8792.44348617133,1,8792.44348617133
"329",28,70,79,9244.36084529135,0,-98755.6391547087
"330",34,70,61,12506.4221301843,1,12506.4221301843
"331",34,70,89,12506.4221301843,0,-215493.577869816
"332",33,70,82,11889.558116448,0,-132110.441883552
"333",38,70,86,15328.9262145253,0,-176671.073785475
"334",39,70,53,16134.5791977414,1,16134.5791977414
"335",30,70,70,10221.0170492056,1,10221.0170492056
"336",25,70,86,7955.16007036598,0,-184044.839929634
"337",36,70,81,13842.4003526914,0,-118157.599647309
"338",25,70,95,7955.16007036598,0,-292044.839929634
"339",38,70,52,15328.9262145253,1,15328.9262145253
"340",30,70,47,10221.0170492056,1,10221.0170492056
"341",38,70,63,15328.9262145253,1,15328.9262145253
"342",36,70,80,13842.4003526914,0,-106157.599647309
"343",25,70,98,7955.16007036598,0,-328044.839929634
"344",33,70,79,11889.558116448,0,-96110.441883552
"345",34,70,95,12506.4221301843,0,-287493.577869816
"346",38,70,60,15328.9262145253,1,15328.9262145253
"347",36,70,96,13842.4003526914,0,-298157.599647309
"348",26,70,79,8363.12080528374,0,-99636.8791947163
"349",37,70,76,14565.6915912216,0,-57434.3084087784
"350",36,70,72,13842.4003526914,0,-10157.5996473086
"351",28,70,86,9244.36084529135,0,-182755.639154709
"352",33,70,57,11889.558116448,1,11889.558116448
"353",27,70,88,8792.44348617133,0,-207207.556513829
"354",36,70,92,13842.4003526914,0,-250157.599647309
"355",36,70,85,13842.4003526914,0,-166157.599647309
"356",28,70,98,9244.36084529135,0,-326755.639154709
"357",33,70,37,11889.558116448,1,11889.558116448
"358",34,70,46,12506.4221301843,1,12506.4221301843
"359",30,70,32,10221.0170492056,1,10221.0170492056
"360",32,70,79,11304.1385252528,0,-96695.8614747472
"361",28,70,87,9244.36084529135,0,-194755.639154709
"362",40,70,75,16985.4698356661,0,-43014.5301643339
"363",38,70,81,15328.9262145253,0,-116671.073785475
"364",38,70,79,15328.9262145253,0,-92671.0737854747
"365",29,70,73,9720.09018227271,0,-26279.9098177273
"366",31,70,87,10748.51299757,0,-193251.48700243
"367",33,70,70,11889.558116448,1,11889.558116448
"368",38,70,86,15328.9262145253,0,-176671.073785475
"369",29,70,95,9720.09018227271,0,-290279.909817727
"370",34,70,94,12506.4221301843,0,-275493.577869816
"371",35,70,84,13156.7407151338,0,-154843.259284866
"372",33,70,87,11889.558116448,0,-192110.441883552
"373",36,70,89,13842.4003526914,0,-214157.599647309
"374",30,70,87,10221.0170492056,0,-193778.982950794
"375",29,70,92,9720.09018227271,0,-254279.909817727
"376",32,70,77,11304.1385252528,0,-72695.8614747472
"377",35,70,93,13156.7407151338,0,-262843.259284866
"378",26,70,85,8363.12080528374,0,-171636.879194716
"379",36,70,92,13842.4003526914,0,-250157.599647309
"380",27,70,60,8792.44348617133,1,8792.44348617133
"381",26,70,72,8363.12080528374,0,-15636.8791947163
"382",26,70,83,8363.12080528374,0,-147636.879194716
"383",26,70,93,8363.12080528374,0,-267636.879194716
"384",28,70,46,9244.36084529135,1,9244.36084529135
"385",33,70,89,11889.558116448,0,-216110.441883552
"386",27,70,63,8792.44348617133,1,8792.44348617133
"387",33,70,53,11889.558116448,1,11889.558116448
"388",36,70,60,13842.4003526914,1,13842.4003526914
"389",35,70,85,13156.7407151338,0,-166843.259284866
"390",29,70,84,9720.09018227271,0,-158279.909817727
"391",37,70,89,14565.6915912216,0,-213434.308408778
"392",33,70,65,11889.558116448,1,11889.558116448
"393",32,70,82,11304.1385252528,0,-132695.861474747
"394",34,70,63,12506.4221301843,1,12506.4221301843
"395",39,70,85,16134.5791977414,0,-163865.420802259
"396",36,70,71,13842.4003526914,0,1842.40035269136
"397",36,70,75,13842.4003526914,0,-46157.5996473086
"398",26,70,66,8363.12080528374,1,8363.12080528374
"399",31,70,35,10748.51299757,1,10748.51299757
"400",29,70,83,9720.09018227271,0,-146279.909817727
"401",29,70,68,9720.09018227271,1,9720.09018227271
"402",26,70,92,8363.12080528374,0,-255636.879194716
"403",38,70,38,15328.9262145253,1,15328.9262145253
"404",36,70,94,13842.4003526914,0,-274157.599647309
"405",30,70,76,10221.0170492056,0,-61778.9829507944
"406",35,70,37,13156.7407151338,1,13156.7407151338
"407",38,70,73,15328.9262145253,0,-20671.0737854747
"408",40,70,89,16985.4698356661,0,-211014.530164334
"409",27,70,74,8792.44348617133,0,-39207.5565138287
"410",26,70,80,8363.12080528374,0,-111636.879194716
"411",37,70,62,14565.6915912216,1,14565.6915912216
"412",30,70,57,10221.0170492056,1,10221.0170492056
"413",27,70,67,8792.44348617133,1,8792.44348617133
"414",25,70,82,7955.16007036598,0,-136044.839929634
"415",37,70,84,14565.6915912216,0,-153434.308408778
"416",36,70,85,13842.4003526914,0,-166157.599647309
"417",36,70,74,13842.4003526914,0,-34157.5996473086
"418",33,70,75,11889.558116448,0,-48110.441883552
"419",37,70,76,14565.6915912216,0,-57434.3084087784
"420",30,70,92,10221.0170492056,0,-253778.982950794
"421",28,70,66,9244.36084529135,1,9244.36084529135
"422",35,70,85,13156.7407151338,0,-166843.259284866
"423",35,70,95,13156.7407151338,0,-286843.259284866
"424",39,70,83,16134.5791977414,0,-139865.420802259
"425",26,70,63,8363.12080528374,1,8363.12080528374
"426",38,70,86,15328.9262145253,0,-176671.073785475
"427",37,70,92,14565.6915912216,0,-249434.308408778
"428",29,70,59,9720.09018227271,1,9720.09018227271
"429",30,70,81,10221.0170492056,0,-121778.982950794
"430",26,70,47,8363.12080528374,1,8363.12080528374
"431",36,70,71,13842.4003526914,0,1842.40035269136
"432",38,70,63,15328.9262145253,1,15328.9262145253
"433",25,70,85,7955.16007036598,0,-172044.839929634
"434",28,70,92,9244.36084529135,0,-254755.639154709
"435",37,70,91,14565.6915912216,0,-237434.308408778
"436",25,70,88,7955.16007036598,0,-208044.839929634
"437",30,70,72,10221.0170492056,0,-13778.9829507944
"438",38,70,74,15328.9262145253,0,-32671.0737854747
"439",35,70,80,13156.7407151338,0,-106843.259284866
"440",30,70,98,10221.0170492056,0,-325778.982950794
"441",31,70,91,10748.51299757,0,-241251.48700243
"442",29,70,82,9720.09018227271,0,-134279.909817727
"443",27,70,75,8792.44348617133,0,-51207.5565138287
"444",34,70,82,12506.4221301843,0,-131493.577869816
"445",32,70,73,11304.1385252528,0,-24695.8614747472
"446",35,70,88,13156.7407151338,0,-202843.259284866
"447",25,70,83,7955.16007036598,0,-148044.839929634
"448",29,70,97,9720.09018227271,0,-314279.909817727
"449",40,70,84,16985.4698356661,0,-151014.530164334
"450",26,70,59,8363.12080528374,1,8363.12080528374
"451",37,70,90,14565.6915912216,0,-225434.308408778
"452",32,70,83,11304.1385252528,0,-144695.861474747
"453",34,70,59,12506.4221301843,1,12506.4221301843
"454",34,70,46,12506.4221301843,1,12506.4221301843
"455",33,70,96,11889.558116448,0,-300110.441883552
"456",31,70,81,10748.51299757,0,-121251.48700243
"457",39,70,79,16134.5791977414,0,-91865.4208022586
"458",30,70,64,10221.0170492056,1,10221.0170492056
"459",33,70,81,11889.558116448,0,-120110.441883552
"460",36,70,87,13842.4003526914,0,-190157.599647309
"461",34,70,85,12506.4221301843,0,-167493.577869816
"462",32,70,71,11304.1385252528,0,-695.861474747162
"463",25,70,84,7955.16007036598,0,-160044.839929634
"464",35,70,88,13156.7407151338,0,-202843.259284866
"465",27,70,80,8792.44348617133,0,-111207.556513829
"466",35,70,70,13156.7407151338,1,13156.7407151338
"467",37,70,79,14565.6915912216,0,-93434.3084087784
"468",25,70,85,7955.16007036598,0,-172044.839929634
"469",26,70,83,8363.12080528374,0,-147636.879194716
"470",35,70,72,13156.7407151338,0,-10843.2592848662
"471",30,70,81,10221.0170492056,0,-121778.982950794
"472",35,70,82,13156.7407151338,0,-130843.259284866
"473",37,70,73,14565.6915912216,0,-21434.3084087784
"474",38,70,87,15328.9262145253,0,-188671.073785475
"475",33,70,92,11889.558116448,0,-252110.441883552
"476",25,70,72,7955.16007036598,0,-16044.839929634
"477",39,70,94,16134.5791977414,0,-271865.420802259
"478",31,70,68,10748.51299757,1,10748.51299757
"479",39,70,84,16134.5791977414,0,-151865.420802259
"480",36,70,82,13842.4003526914,0,-130157.599647309
"481",31,70,98,10748.51299757,0,-325251.48700243
"482",38,70,91,15328.9262145253,0,-236671.073785475
"483",28,70,55,9244.36084529135,1,9244.36084529135
"484",31,70,79,10748.51299757,0,-97251.48700243
"485",36,70,81,13842.4003526914,0,-118157.599647309
"486",32,70,54,11304.1385252528,1,11304.1385252528
"487",39,70,68,16134.5791977414,1,16134.5791977414
"488",37,70,88,14565.6915912216,0,-201434.308408778
"489",35,70,74,13156.7407151338,0,-34843.2592848662
"490",27,70,32,8792.44348617133,1,8792.44348617133
"491",28,70,79,9244.36084529135,0,-98755.6391547087
"492",34,70,87,12506.4221301843,0,-191493.577869816
"493",38,70,86,15328.9262145253,0,-176671.073785475
"494",35,70,58,13156.7407151338,1,13156.7407151338
"495",34,70,86,12506.4221301843,0,-179493.577869816
"496",33,70,75,11889.558116448,0,-48110.441883552
"497",40,70,69,16985.4698356661,1,16985.4698356661
"498",31,70,65,10748.51299757,1,10748.51299757
"499",27,70,78,8792.44348617133,0,-87207.5565138287
"500",39,70,76,16134.5791977414,0,-55865.4208022586
"501",39,70,78,16134.5791977414,0,-79865.4208022586
"502",25,70,93,7955.16007036598,0,-268044.839929634
"503",35,70,60,13156.7407151338,1,13156.7407151338
"504",29,70,64,9720.09018227271,1,9720.09018227271
"505",37,70,90,14565.6915912216,0,-225434.308408778
"506",27,70,50,8792.44348617133,1,8792.44348617133
"507",33,70,92,11889.558116448,0,-252110.441883552
"508",40,70,82,16985.4698356661,0,-127014.530164334
"509",35,70,75,13156.7407151338,0,-46843.2592848662
"510",30,70,88,10221.0170492056,0,-205778.982950794
"511",37,70,86,14565.6915912216,0,-177434.308408778
"512",27,70,70,8792.44348617133,1,8792.44348617133
"513",33,70,90,11889.558116448,0,-228110.441883552
"514",33,70,50,11889.558116448,1,11889.558116448
"515",30,70,79,10221.0170492056,0,-97778.9829507944
"516",33,70,56,11889.558116448,1,11889.558116448
"517",35,70,88,13156.7407151338,0,-202843.259284866
"518",38,70,55,15328.9262145253,1,15328.9262145253
"519",26,70,76,8363.12080528374,0,-63636.8791947163
"520",25,70,72,7955.16007036598,0,-16044.839929634
"521",28,70,74,9244.36084529135,0,-38755.6391547086
"522",36,70,79,13842.4003526914,0,-94157.5996473086
"523",38,70,87,15328.9262145253,0,-188671.073785475
"524",32,70,88,11304.1385252528,0,-204695.861474747
"525",39,70,79,16134.5791977414,0,-91865.4208022586
"526",30,70,84,10221.0170492056,0,-157778.982950794
"527",26,70,55,8363.12080528374,1,8363.12080528374
"528",31,70,88,10748.51299757,0,-205251.48700243
"529",31,70,69,10748.51299757,1,10748.51299757
"530",27,70,79,8792.44348617133,0,-99207.5565138287
"531",36,70,75,13842.4003526914,0,-46157.5996473086
"532",28,70,71,9244.36084529135,0,-2755.63915470865
"533",29,70,72,9720.09018227271,0,-14279.9098177273
"534",35,70,64,13156.7407151338,1,13156.7407151338
"535",35,70,75,13156.7407151338,0,-46843.2592848662
"536",38,70,95,15328.9262145253,0,-284671.073785475
"537",27,70,45,8792.44348617133,1,8792.44348617133
"538",38,70,63,15328.9262145253,1,15328.9262145253
"539",34,70,45,12506.4221301843,1,12506.4221301843
"540",37,70,85,14565.6915912216,0,-165434.308408778
"541",33,70,74,11889.558116448,0,-36110.441883552
"542",33,70,80,11889.558116448,0,-108110.441883552
"543",31,70,84,10748.51299757,0,-157251.48700243
"544",35,70,80,13156.7407151338,0,-106843.259284866
"545",26,70,86,8363.12080528374,0,-183636.879194716
"546",31,70,66,10748.51299757,1,10748.51299757
"547",25,70,87,7955.16007036598,0,-196044.839929634
"548",27,70,75,8792.44348617133,0,-51207.5565138287
"549",28,70,40,9244.36084529135,1,9244.36084529135
"550",29,70,83,9720.09018227271,0,-146279.909817727
"551",34,70,74,12506.4221301843,0,-35493.5778698157
"552",30,70,91,10221.0170492056,0,-241778.982950794
"553",39,70,77,16134.5791977414,0,-67865.4208022586
"554",31,70,47,10748.51299757,1,10748.51299757
"555",26,70,31,8363.12080528374,1,8363.12080528374
"556",34,70,76,12506.4221301843,0,-59493.5778698157
"557",25,70,68,7955.16007036598,1,7955.16007036598
"558",34,70,80,12506.4221301843,0,-107493.577869816
"559",32,70,59,11304.1385252528,1,11304.1385252528
"560",25,70,84,7955.16007036598,0,-160044.839929634
"561",28,70,71,9244.36084529135,0,-2755.63915470865
"562",33,70,39,11889.558116448,1,11889.558116448
"563",34,70,95,12506.4221301843,0,-287493.577869816
"564",31,70,55,10748.51299757,1,10748.51299757
"565",27,70,91,8792.44348617133,0,-243207.556513829
"566",36,70,72,13842.4003526914,0,-10157.5996473086
"567",38,70,89,15328.9262145253,0,-212671.073785475
"568",31,70,86,10748.51299757,0,-181251.48700243
"569",40,70,79,16985.4698356661,0,-91014.5301643339
"570",31,70,80,10748.51299757,0,-109251.48700243
"571",34,70,62,12506.4221301843,1,12506.4221301843
"572",37,70,87,14565.6915912216,0,-189434.308408778
"573",25,70,84,7955.16007036598,0,-160044.839929634
"574",38,70,57,15328.9262145253,1,15328.9262145253
"575",29,70,44,9720.09018227271,1,9720.09018227271
"576",35,70,45,13156.7407151338,1,13156.7407151338
"577",25,70,93,7955.16007036598,0,-268044.839929634
"578",35,70,85,13156.7407151338,0,-166843.259284866
"579",30,70,86,10221.0170492056,0,-181778.982950794
"580",32,70,63,11304.1385252528,1,11304.1385252528
"581",35,70,70,13156.7407151338,1,13156.7407151338
"582",32,70,85,11304.1385252528,0,-168695.861474747
"583",32,70,85,11304.1385252528,0,-168695.861474747
"584",39,70,80,16134.5791977414,0,-103865.420802259
"585",32,70,84,11304.1385252528,0,-156695.861474747
"586",33,70,77,11889.558116448,0,-72110.441883552
"587",35,70,90,13156.7407151338,0,-226843.259284866
"588",31,70,86,10748.51299757,0,-181251.48700243
"589",40,70,77,16985.4698356661,0,-67014.5301643339
"590",26,70,85,8363.12080528374,0,-171636.879194716
"591",34,70,89,12506.4221301843,0,-215493.577869816
"592",33,70,72,11889.558116448,0,-12110.441883552
"593",32,70,72,11304.1385252528,0,-12695.8614747472
"594",33,70,47,11889.558116448,1,11889.558116448
"595",39,70,95,16134.5791977414,0,-283865.420802259
"596",30,70,71,10221.0170492056,0,-1778.98295079436
"597",28,70,60,9244.36084529135,1,9244.36084529135
"598",39,70,73,16134.5791977414,0,-19865.4208022586
"599",27,70,84,8792.44348617133,0,-159207.556513829
"600",31,70,66,10748.51299757,1,10748.51299757
"601",38,70,53,15328.9262145253,1,15328.9262145253
"602",34,70,82,12506.4221301843,0,-131493.577869816
"603",38,70,74,15328.9262145253,0,-32671.0737854747
"604",28,70,68,9244.36084529135,1,9244.36084529135
"605",34,70,83,12506.4221301843,0,-143493.577869816
"606",30,70,79,10221.0170492056,0,-97778.9829507944
"607",27,70,93,8792.44348617133,0,-267207.556513829
"608",30,70,83,10221.0170492056,0,-145778.982950794
"609",37,70,84,14565.6915912216,0,-153434.308408778
"610",39,70,80,16134.5791977414,0,-103865.420802259
"611",38,70,84,15328.9262145253,0,-152671.073785475
"612",38,70,75,15328.9262145253,0,-44671.0737854747
"613",37,70,79,14565.6915912216,0,-93434.3084087784
"614",35,70,73,13156.7407151338,0,-22843.2592848662
"615",37,70,70,14565.6915912216,1,14565.6915912216
"616",34,70,64,12506.4221301843,1,12506.4221301843
"617",27,70,93,8792.44348617133,0,-267207.556513829
"618",26,70,88,8363.12080528374,0,-207636.879194716
"619",40,70,65,16985.4698356661,1,16985.4698356661
"620",32,70,53,11304.1385252528,1,11304.1385252528
"621",33,70,39,11889.558116448,1,11889.558116448
"622",26,70,85,8363.12080528374,0,-171636.879194716
"623",30,70,59,10221.0170492056,1,10221.0170492056
"624",25,70,74,7955.16007036598,0,-40044.839929634
"625",30,70,80,10221.0170492056,0,-109778.982950794
"626",25,70,85,7955.16007036598,0,-172044.839929634
"627",39,70,82,16134.5791977414,0,-127865.420802259
"628",40,70,43,16985.4698356661,1,16985.4698356661
"629",37,70,80,14565.6915912216,0,-105434.308408778
"630",25,70,83,7955.16007036598,0,-148044.839929634
"631",32,70,50,11304.1385252528,1,11304.1385252528
"632",36,70,79,13842.4003526914,0,-94157.5996473086
"633",28,70,63,9244.36084529135,1,9244.36084529135
"634",33,70,73,11889.558116448,0,-24110.441883552
"635",31,70,79,10748.51299757,0,-97251.48700243
"636",29,70,68,9720.09018227271,1,9720.09018227271
"637",34,70,52,12506.4221301843,1,12506.4221301843
"638",34,70,72,12506.4221301843,0,-11493.5778698157
"639",28,70,72,9244.36084529135,0,-14755.6391547086
"640",29,70,85,9720.09018227271,0,-170279.909817727
"641",27,70,79,8792.44348617133,0,-99207.5565138287
"642",34,70,85,12506.4221301843,0,-167493.577869816
"643",34,70,85,12506.4221301843,0,-167493.577869816
"644",34,70,55,12506.4221301843,1,12506.4221301843
"645",38,70,61,15328.9262145253,1,15328.9262145253
"646",28,70,83,9244.36084529135,0,-146755.639154709
"647",32,70,90,11304.1385252528,0,-228695.861474747
"648",36,70,73,13842.4003526914,0,-22157.5996473086
"649",33,70,88,11889.558116448,0,-204110.441883552
"650",37,70,72,14565.6915912216,0,-9434.30840877843
"651",27,70,63,8792.44348617133,1,8792.44348617133
"652",30,70,91,10221.0170492056,0,-241778.982950794
"653",34,70,73,12506.4221301843,0,-23493.5778698157
"654",29,70,92,9720.09018227271,0,-254279.909817727
"655",37,70,90,14565.6915912216,0,-225434.308408778
"656",40,70,89,16985.4698356661,0,-211014.530164334
"657",25,70,62,7955.16007036598,1,7955.16007036598
"658",33,70,39,11889.558116448,1,11889.558116448
"659",38,70,59,15328.9262145253,1,15328.9262145253
"660",34,70,70,12506.4221301843,1,12506.4221301843
"661",25,70,73,7955.16007036598,0,-28044.839929634
"662",27,70,82,8792.44348617133,0,-135207.556513829
"663",28,70,87,9244.36084529135,0,-194755.639154709
"664",36,70,85,13842.4003526914,0,-166157.599647309
"665",36,70,94,13842.4003526914,0,-274157.599647309
"666",26,70,65,8363.12080528374,1,8363.12080528374
"667",40,70,60,16985.4698356661,1,16985.4698356661
"668",25,70,77,7955.16007036598,0,-76044.839929634
"669",35,70,86,13156.7407151338,0,-178843.259284866
"670",31,70,75,10748.51299757,0,-49251.48700243
"671",37,70,72,14565.6915912216,0,-9434.30840877843
"672",31,70,59,10748.51299757,1,10748.51299757
"673",28,70,66,9244.36084529135,1,9244.36084529135
"674",38,70,75,15328.9262145253,0,-44671.0737854747
"675",25,70,67,7955.16007036598,1,7955.16007036598
"676",38,70,62,15328.9262145253,1,15328.9262145253
"677",29,70,81,9720.09018227271,0,-122279.909817727
"678",30,70,90,10221.0170492056,0,-229778.982950794
"679",30,70,78,10221.0170492056,0,-85778.9829507944
"680",28,70,81,9244.36084529135,0,-122755.639154709
"681",38,70,76,15328.9262145253,0,-56671.0737854747
"682",26,70,57,8363.12080528374,1,8363.12080528374
"683",29,70,89,9720.09018227271,0,-218279.909817727
"684",32,70,78,11304.1385252528,0,-84695.8614747472
"685",34,70,84,12506.4221301843,0,-155493.577869816
"686",34,70,87,12506.4221301843,0,-191493.577869816
"687",33,70,53,11889.558116448,1,11889.558116448
"688",35,70,81,13156.7407151338,0,-118843.259284866
"689",31,70,83,10748.51299757,0,-145251.48700243
"690",29,70,55,9720.09018227271,1,9720.09018227271
"691",27,70,69,8792.44348617133,1,8792.44348617133
"692",26,70,80,8363.12080528374,0,-111636.879194716
"693",27,70,90,8792.44348617133,0,-231207.556513829
"694",26,70,68,8363.12080528374,1,8363.12080528374
"695",40,70,72,16985.4698356661,0,-7014.53016433387
"696",31,70,96,10748.51299757,0,-301251.48700243
"697",25,70,81,7955.16007036598,0,-124044.839929634
"698",29,70,82,9720.09018227271,0,-134279.909817727
"699",29,70,87,9720.09018227271,0,-194279.909817727
"700",25,70,35,7955.16007036598,1,7955.16007036598
"701",35,70,72,13156.7407151338,0,-10843.2592848662
"702",36,70,78,13842.4003526914,0,-82157.5996473086
"703",28,70,75,9244.36084529135,0,-50755.6391547086
"704",38,70,70,15328.9262145253,1,15328.9262145253
"705",30,70,81,10221.0170492056,0,-121778.982950794
"706",30,70,66,10221.0170492056,1,10221.0170492056
"707",34,70,93,12506.4221301843,0,-263493.577869816
"708",32,70,98,11304.1385252528,0,-324695.861474747
"709",25,70,98,7955.16007036598,0,-328044.839929634
"710",31,70,81,10748.51299757,0,-121251.48700243
"711",33,70,80,11889.558116448,0,-108110.441883552
"712",38,70,91,15328.9262145253,0,-236671.073785475
"713",37,70,94,14565.6915912216,0,-273434.308408778
"714",38,70,86,15328.9262145253,0,-176671.073785475
"715",39,70,89,16134.5791977414,0,-211865.420802259
"716",26,70,62,8363.12080528374,1,8363.12080528374
"717",26,70,49,8363.12080528374,1,8363.12080528374
"718",36,70,79,13842.4003526914,0,-94157.5996473086
"719",26,70,55,8363.12080528374,1,8363.12080528374
"720",38,70,76,15328.9262145253,0,-56671.0737854747
"721",30,70,86,10221.0170492056,0,-181778.982950794
"722",31,70,66,10748.51299757,1,10748.51299757
"723",29,70,89,9720.09018227271,0,-218279.909817727
"724",26,70,87,8363.12080528374,0,-195636.879194716
"725",32,70,92,11304.1385252528,0,-252695.861474747
"726",39,70,54,16134.5791977414,1,16134.5791977414
"727",35,70,80,13156.7407151338,0,-106843.259284866
"728",32,70,58,11304.1385252528,1,11304.1385252528
"729",36,70,82,13842.4003526914,0,-130157.599647309
"730",33,70,67,11889.558116448,1,11889.558116448
"731",26,70,86,8363.12080528374,0,-183636.879194716
"732",38,70,79,15328.9262145253,0,-92671.0737854747
"733",32,70,72,11304.1385252528,0,-12695.8614747472
"734",33,70,56,11889.558116448,1,11889.558116448
"735",32,70,74,11304.1385252528,0,-36695.8614747472
"736",34,70,76,12506.4221301843,0,-59493.5778698157
"737",39,70,80,16134.5791977414,0,-103865.420802259
"738",39,70,80,16134.5791977414,0,-103865.420802259
"739",39,70,86,16134.5791977414,0,-175865.420802259
"740",31,70,47,10748.51299757,1,10748.51299757
"741",34,70,88,12506.4221301843,0,-203493.577869816
"742",30,70,51,10221.0170492056,1,10221.0170492056
"743",39,70,75,16134.5791977414,0,-43865.4208022586
"744",28,70,86,9244.36084529135,0,-182755.639154709
"745",29,70,81,9720.09018227271,0,-122279.909817727
"746",31,70,47,10748.51299757,1,10748.51299757
"747",30,70,74,10221.0170492056,0,-37778.9829507944
"748",30,70,77,10221.0170492056,0,-73778.9829507944
"749",34,70,88,12506.4221301843,0,-203493.577869816
"750",40,70,69,16985.4698356661,1,16985.4698356661
"751",33,70,83,11889.558116448,0,-144110.441883552
"752",37,70,68,14565.6915912216,1,14565.6915912216
"753",40,70,95,16985.4698356661,0,-283014.530164334
"754",33,70,67,11889.558116448,1,11889.558116448
"755",30,70,61,10221.0170492056,1,10221.0170492056
"756",32,70,72,11304.1385252528,0,-12695.8614747472
"757",35,70,81,13156.7407151338,0,-118843.259284866
"758",27,70,88,8792.44348617133,0,-207207.556513829
"759",38,70,86,15328.9262145253,0,-176671.073785475
"760",40,70,89,16985.4698356661,0,-211014.530164334
"761",29,70,89,9720.09018227271,0,-218279.909817727
"762",33,70,90,11889.558116448,0,-228110.441883552
"763",30,70,54,10221.0170492056,1,10221.0170492056
"764",37,70,72,14565.6915912216,0,-9434.30840877843
"765",39,70,90,16134.5791977414,0,-223865.420802259
"766",25,70,86,7955.16007036598,0,-184044.839929634
"767",30,70,92,10221.0170492056,0,-253778.982950794
"768",33,70,48,11889.558116448,1,11889.558116448
"769",32,70,74,11304.1385252528,0,-36695.8614747472
"770",29,70,53,9720.09018227271,1,9720.09018227271
"771",32,70,85,11304.1385252528,0,-168695.861474747
"772",26,70,73,8363.12080528374,0,-27636.8791947163
"773",37,70,79,14565.6915912216,0,-93434.3084087784
"774",38,70,71,15328.9262145253,0,3328.92621452533
"775",36,70,93,13842.4003526914,0,-262157.599647309
"776",38,70,47,15328.9262145253,1,15328.9262145253
"777",39,70,65,16134.5791977414,1,16134.5791977414
"778",27,70,82,8792.44348617133,0,-135207.556513829
"779",33,70,96,11889.558116448,0,-300110.441883552
"780",39,70,55,16134.5791977414,1,16134.5791977414
"781",37,70,58,14565.6915912216,1,14565.6915912216
"782",29,70,78,9720.09018227271,0,-86279.9098177273
"783",31,70,87,10748.51299757,0,-193251.48700243
"784",40,70,90,16985.4698356661,0,-223014.530164334
"785",36,70,79,13842.4003526914,0,-94157.5996473086
"786",36,70,75,13842.4003526914,0,-46157.5996473086
"787",27,70,78,8792.44348617133,0,-87207.5565138287
"788",39,70,93,16134.5791977414,0,-259865.420802259
"789",32,70,76,11304.1385252528,0,-60695.8614747472
"790",38,70,64,15328.9262145253,1,15328.9262145253
"791",25,70,91,7955.16007036598,0,-244044.839929634
"792",40,70,59,16985.4698356661,1,16985.4698356661
"793",38,70,79,15328.9262145253,0,-92671.0737854747
"794",31,70,79,10748.51299757,0,-97251.48700243
"795",33,70,59,11889.558116448,1,11889.558116448
"796",38,70,86,15328.9262145253,0,-176671.073785475
"797",30,70,72,10221.0170492056,0,-13778.9829507944
"798",36,70,59,13842.4003526914,1,13842.4003526914
"799",34,70,91,12506.4221301843,0,-239493.577869816
"800",32,70,88,11304.1385252528,0,-204695.861474747
"801",33,70,77,11889.558116448,0,-72110.441883552
"802",36,70,57,13842.4003526914,1,13842.4003526914
"803",39,70,93,16134.5791977414,0,-259865.420802259
"804",32,70,84,11304.1385252528,0,-156695.861474747
"805",31,70,79,10748.51299757,0,-97251.48700243
"806",29,70,76,9720.09018227271,0,-62279.9098177273
"807",38,70,83,15328.9262145253,0,-140671.073785475
"808",40,70,73,16985.4698356661,0,-19014.5301643339
"809",31,70,88,10748.51299757,0,-205251.48700243
"810",37,70,88,14565.6915912216,0,-201434.308408778
"811",29,70,69,9720.09018227271,1,9720.09018227271
"812",33,70,57,11889.558116448,1,11889.558116448
"813",27,70,86,8792.44348617133,0,-183207.556513829
"814",31,70,56,10748.51299757,1,10748.51299757
"815",39,70,84,16134.5791977414,0,-151865.420802259
"816",27,70,84,8792.44348617133,0,-159207.556513829
"817",32,70,79,11304.1385252528,0,-96695.8614747472
"818",29,70,42,9720.09018227271,1,9720.09018227271
"819",32,70,91,11304.1385252528,0,-240695.861474747
"820",40,70,72,16985.4698356661,0,-7014.53016433387
"821",30,70,71,10221.0170492056,0,-1778.98295079436
"822",40,70,66,16985.4698356661,1,16985.4698356661
"823",33,70,89,11889.558116448,0,-216110.441883552
"824",39,70,78,16134.5791977414,0,-79865.4208022586
"825",35,70,75,13156.7407151338,0,-46843.2592848662
"826",40,70,70,16985.4698356661,1,16985.4698356661
"827",34,70,87,12506.4221301843,0,-191493.577869816
"828",28,70,76,9244.36084529135,0,-62755.6391547086
"829",25,70,100,7955.16007036598,0,-352044.839929634
"830",27,70,44,8792.44348617133,1,8792.44348617133
"831",26,70,80,8363.12080528374,0,-111636.879194716
"832",32,70,50,11304.1385252528,1,11304.1385252528
"833",40,70,82,16985.4698356661,0,-127014.530164334
"834",35,70,82,13156.7407151338,0,-130843.259284866
"835",32,70,79,11304.1385252528,0,-96695.8614747472
"836",34,70,95,12506.4221301843,0,-287493.577869816
"837",38,70,79,15328.9262145253,0,-92671.0737854747
"838",27,70,65,8792.44348617133,1,8792.44348617133
"839",27,70,87,8792.44348617133,0,-195207.556513829
"840",26,70,97,8363.12080528374,0,-315636.879194716
"841",38,70,92,15328.9262145253,0,-248671.073785475
"842",40,70,81,16985.4698356661,0,-115014.530164334
"843",40,70,79,16985.4698356661,0,-91014.5301643339
"844",33,70,82,11889.558116448,0,-132110.441883552
"845",32,70,90,11304.1385252528,0,-228695.861474747
"846",36,70,84,13842.4003526914,0,-154157.599647309
"847",29,70,76,9720.09018227271,0,-62279.9098177273
"848",25,70,83,7955.16007036598,0,-148044.839929634
"849",39,70,72,16134.5791977414,0,-7865.42080225864
"850",37,70,86,14565.6915912216,0,-177434.308408778
"851",29,70,89,9720.09018227271,0,-218279.909817727
"852",29,70,81,9720.09018227271,0,-122279.909817727
"853",40,70,70,16985.4698356661,1,16985.4698356661
"854",27,70,64,8792.44348617133,1,8792.44348617133
"855",27,70,87,8792.44348617133,0,-195207.556513829
"856",33,70,72,11889.558116448,0,-12110.441883552
"857",33,70,71,11889.558116448,0,-110.441883552025
"858",25,70,82,7955.16007036598,0,-136044.839929634
"859",38,70,46,15328.9262145253,1,15328.9262145253
"860",30,70,61,10221.0170492056,1,10221.0170492056
"861",39,70,87,16134.5791977414,0,-187865.420802259
"862",34,70,85,12506.4221301843,0,-167493.577869816
"863",32,70,78,11304.1385252528,0,-84695.8614747472
"864",39,70,66,16134.5791977414,1,16134.5791977414
"865",28,70,83,9244.36084529135,0,-146755.639154709
"866",27,70,83,8792.44348617133,0,-147207.556513829
"867",25,70,67,7955.16007036598,1,7955.16007036598
"868",33,70,43,11889.558116448,1,11889.558116448
"869",30,70,82,10221.0170492056,0,-133778.982950794
"870",35,70,59,13156.7407151338,1,13156.7407151338
"871",32,70,48,11304.1385252528,1,11304.1385252528
"872",28,70,60,9244.36084529135,1,9244.36084529135
"873",32,70,63,11304.1385252528,1,11304.1385252528
"874",33,70,74,11889.558116448,0,-36110.441883552
"875",30,70,76,10221.0170492056,0,-61778.9829507944
"876",39,70,75,16134.5791977414,0,-43865.4208022586
"877",32,70,70,11304.1385252528,1,11304.1385252528
"878",33,70,78,11889.558116448,0,-84110.441883552
"879",36,70,87,13842.4003526914,0,-190157.599647309
"880",34,70,74,12506.4221301843,0,-35493.5778698157
"881",29,70,78,9720.09018227271,0,-86279.9098177273
"882",36,70,62,13842.4003526914,1,13842.4003526914
"883",30,70,70,10221.0170492056,1,10221.0170492056
"884",36,70,63,13842.4003526914,1,13842.4003526914
"885",37,70,79,14565.6915912216,0,-93434.3084087784
"886",34,70,77,12506.4221301843,0,-71493.5778698157
"887",28,70,92,9244.36084529135,0,-254755.639154709
"888",27,70,83,8792.44348617133,0,-147207.556513829
"889",40,70,78,16985.4698356661,0,-79014.5301643339
"890",31,70,78,10748.51299757,0,-85251.48700243
"891",25,70,44,7955.16007036598,1,7955.16007036598
"892",31,70,42,10748.51299757,1,10748.51299757
"893",30,70,93,10221.0170492056,0,-265778.982950794
"894",26,70,86,8363.12080528374,0,-183636.879194716
"895",39,70,72,16134.5791977414,0,-7865.42080225864
"896",27,70,97,8792.44348617133,0,-315207.556513829
"897",27,70,90,8792.44348617133,0,-231207.556513829
"898",28,70,40,9244.36084529135,1,9244.36084529135
"899",27,70,68,8792.44348617133,1,8792.44348617133
"900",27,70,91,8792.44348617133,0,-243207.556513829
"901",36,70,58,13842.4003526914,1,13842.4003526914
"902",38,70,78,15328.9262145253,0,-80671.0737854747
"903",31,70,46,10748.51299757,1,10748.51299757
"904",40,70,83,16985.4698356661,0,-139014.530164334
"905",36,70,56,13842.4003526914,1,13842.4003526914
"906",30,70,56,10221.0170492056,1,10221.0170492056
"907",29,70,69,9720.09018227271,1,9720.09018227271
"908",33,70,72,11889.558116448,0,-12110.441883552
"909",25,70,62,7955.16007036598,1,7955.16007036598
"910",34,70,87,12506.4221301843,0,-191493.577869816
"911",26,70,65,8363.12080528374,1,8363.12080528374
"912",38,70,85,15328.9262145253,0,-164671.073785475
"913",27,70,76,8792.44348617133,0,-63207.5565138287
"914",34,70,84,12506.4221301843,0,-155493.577869816
"915",32,70,75,11304.1385252528,0,-48695.8614747472
"916",40,70,71,16985.4698356661,0,4985.46983566613
"917",26,70,86,8363.12080528374,0,-183636.879194716
"918",27,70,73,8792.44348617133,0,-27207.5565138287
"919",36,70,97,13842.4003526914,0,-310157.599647309
"920",25,70,85,7955.16007036598,0,-172044.839929634
"921",31,70,79,10748.51299757,0,-97251.48700243
"922",36,70,47,13842.4003526914,1,13842.4003526914
"923",27,70,64,8792.44348617133,1,8792.44348617133
"924",36,70,88,13842.4003526914,0,-202157.599647309
"925",25,70,90,7955.16007036598,0,-232044.839929634
"926",32,70,91,11304.1385252528,0,-240695.861474747
"927",27,70,69,8792.44348617133,1,8792.44348617133
"928",25,70,67,7955.16007036598,1,7955.16007036598
"929",29,70,81,9720.09018227271,0,-122279.909817727
"930",40,70,74,16985.4698356661,0,-31014.5301643339
"931",34,70,56,12506.4221301843,1,12506.4221301843
"932",32,70,42,11304.1385252528,1,11304.1385252528
"933",27,70,87,8792.44348617133,0,-195207.556513829
"934",33,70,84,11889.558116448,0,-156110.441883552
"935",26,70,78,8363.12080528374,0,-87636.8791947163
"936",35,70,87,13156.7407151338,0,-190843.259284866
"937",25,70,84,7955.16007036598,0,-160044.839929634
"938",39,70,80,16134.5791977414,0,-103865.420802259
"939",27,70,77,8792.44348617133,0,-75207.5565138287
"940",38,70,87,15328.9262145253,0,-188671.073785475
"941",37,70,95,14565.6915912216,0,-285434.308408778
"942",38,70,64,15328.9262145253,1,15328.9262145253
"943",29,70,93,9720.09018227271,0,-266279.909817727
"944",29,70,77,9720.09018227271,0,-74279.9098177273
"945",32,70,79,11304.1385252528,0,-96695.8614747472
"946",29,70,79,9720.09018227271,0,-98279.9098177273
"947",32,70,60,11304.1385252528,1,11304.1385252528
"948",40,70,93,16985.4698356661,0,-259014.530164334
"949",25,70,53,7955.16007036598,1,7955.16007036598
"950",35,70,55,13156.7407151338,1,13156.7407151338
"951",26,70,85,8363.12080528374,0,-171636.879194716
"952",39,70,85,16134.5791977414,0,-163865.420802259
"953",35,70,76,13156.7407151338,0,-58843.2592848662
"954",37,70,81,14565.6915912216,0,-117434.308408778
"955",35,70,73,13156.7407151338,0,-22843.2592848662
"956",30,70,68,10221.0170492056,1,10221.0170492056
"957",25,70,77,7955.16007036598,0,-76044.839929634
"958",36,70,72,13842.4003526914,0,-10157.5996473086
"959",28,70,76,9244.36084529135,0,-62755.6391547086
"960",32,70,88,11304.1385252528,0,-204695.861474747
"961",40,70,64,16985.4698356661,1,16985.4698356661
"962",28,70,63,9244.36084529135,1,9244.36084529135
"963",32,70,68,11304.1385252528,1,11304.1385252528
"964",25,70,88,7955.16007036598,0,-208044.839929634
"965",27,70,78,8792.44348617133,0,-87207.5565138287
"966",26,70,84,8363.12080528374,0,-159636.879194716
"967",26,70,96,8363.12080528374,0,-303636.879194716
"968",38,70,70,15328.9262145253,1,15328.9262145253
"969",34,70,76,12506.4221301843,0,-59493.5778698157
"970",28,70,89,9244.36084529135,0,-218755.639154709
"971",27,70,83,8792.44348617133,0,-147207.556513829
"972",29,70,98,9720.09018227271,0,-326279.909817727
"973",36,70,61,13842.4003526914,1,13842.4003526914
"974",29,70,96,9720.09018227271,0,-302279.909817727
"975",34,70,80,12506.4221301843,0,-107493.577869816
"976",26,70,78,8363.12080528374,0,-87636.8791947163
"977",36,70,79,13842.4003526914,0,-94157.5996473086
"978",35,70,58,13156.7407151338,1,13156.7407151338
"979",37,70,82,14565.6915912216,0,-129434.308408778
"980",31,70,66,10748.51299757,1,10748.51299757
"981",36,70,81,13842.4003526914,0,-118157.599647309
"982",31,70,76,10748.51299757,0,-61251.48700243
"983",25,70,86,7955.16007036598,0,-184044.839929634
"984",29,70,70,9720.09018227271,1,9720.09018227271
"985",40,70,88,16985.4698356661,0,-199014.530164334
"986",37,70,61,14565.6915912216,1,14565.6915912216
"987",25,70,53,7955.16007036598,1,7955.16007036598
"988",28,70,82,9244.36084529135,0,-134755.639154709
"989",25,70,71,7955.16007036598,0,-4044.83992963402
"990",28,70,95,9244.36084529135,0,-290755.639154709
"991",40,70,72,16985.4698356661,0,-7014.53016433387
"992",31,70,58,10748.51299757,1,10748.51299757
"993",35,70,76,13156.7407151338,0,-58843.2592848662
"994",34,70,63,12506.4221301843,1,12506.4221301843
"995",32,70,92,11304.1385252528,0,-252695.861474747
"996",32,70,81,11304.1385252528,0,-120695.861474747
"997",32,70,52,11304.1385252528,1,11304.1385252528
"998",33,70,87,11889.558116448,0,-192110.441883552
"999",36,70,81,13842.4003526914,0,-118157.599647309
"1000",40,70,87,16985.47,0,-187014.5
